{
  "ma_cross_vectorized": {
    "parameters": {
      "fast_ma_len": 20.0,
      "slow_ma_len": 150.0
    },
    "return_pct": 3.6035882840031626,
    "sharpe": 11.240143084259564,
    "num_trades": 16
  },
  "bollinger_obv_breakout": {
    "parameters": {
      "bb_window": 40.0,
      "std_mul": 2.5,
      "obv_slope_window": 5.0
    },
    "return_pct": -0.9308825429877834,
    "sharpe": -6.247976004174653,
    "num_trades": 43
  },
  "macd_rsi_trend_follower": {
    "parameters": {
      "macd_fast": 12.0,
      "macd_slow": 26.0,
      "macd_signal": 9.0,
      "rsi_thresh_high": 65.0
    },
    "return_pct": -0.09507291470952622,
    "sharpe": -1.4838067438864975,
    "num_trades": 3
  }
}