total_return,sharpe_ratio,max_drawdown,win_rate,num_trades,final_value
-0.05309524656769991,-20.920539930041002,-0.06002144398080567,0.4,15,9469.047534323001
